紀錄時間,類別,機組,發電量(MW),備註
2026-01-19 04:00,,林口#1,800.0,94.387%
2026-01-19 04:00,,林口#2,800.0,0.000%
2026-01-19 04:00,,林口#3,800.0,94.575%
2026-01-19 04:00,,台中#1,550.0,40.818%
2026-01-19 04:00,,台中#2,550.0,41.873%
2026-01-19 04:00,,台中#3,550.0,44.055%
2026-01-19 04:00,,台中#4,550.0,0.000%
2026-01-19 04:00,,台中#5,550.0,42.345%
2026-01-19 04:00,,台中#6,550.0,0.000%
2026-01-19 04:00,,台中#7,550.0,42.964%
2026-01-19 04:00,,台中#8,550.0,44.018%
2026-01-19 04:00,,台中#9,550.0,0.000%
2026-01-19 04:00,,台中#10,550.0,73.945%
2026-01-19 04:00,,興達#1(註15),-,-
2026-01-19 04:00,,興達#2(註15),-,-
2026-01-19 04:00,,興達#3(註15),-,-
2026-01-19 04:00,,興達#4(註12),550.0,0.000%
2026-01-19 04:00,,大林#1,800.0,0.000%
2026-01-19 04:00,,大林#2,800.0,94.438%
2026-01-19 04:00,,小計,10050.0(17.423%),
2026-01-19 04:00,,汽電共生,631.4,-
2026-01-19 04:00,,小計,631.4(1.095%),
2026-01-19 04:00,,和平#1,648.6,88.413%
2026-01-19 04:00,,和平#2,660.0,85.348%
2026-01-19 04:00,,小計,1308.6(2.269%),
2026-01-19 04:00,,大潭CC#1,742.7,0.000%
2026-01-19 04:00,,大潭CC#2,742.7,60.751%
2026-01-19 04:00,,大潭CC#3,724.7,56.327%
2026-01-19 04:00,,大潭CC#4,724.7,85.870%
2026-01-19 04:00,,大潭CC#5,724.7,70.857%
2026-01-19 04:00,,大潭CC#6,724.7,89.265%
2026-01-19 04:00,,大潭CC#7(註10),-,-
2026-01-19 04:00,,大潭CC#8,1123.6,0.000%
2026-01-19 04:00,,大潭CC#9,1123.6,99.099%
2026-01-19 04:00,,通霄CC#1,892.6,84.315%
2026-01-19 04:00,,通霄CC#2,892.6,102.252%
2026-01-19 04:00,,通霄CC#3,892.6,91.127%
2026-01-19 04:00,,通霄CC#6,321.2,95.766%
2026-01-19 04:00,,通霄GT#9,180.9,0.000%
2026-01-19 04:00,,台中CC#1(註10),-,-
2026-01-19 04:00,,興達新CC#1,1300.0,0.000%
2026-01-19 04:00,,興達新CC#2(註10),-,-
2026-01-19 04:00,,興達CC#1,445.2,44.700%
2026-01-19 04:00,,興達CC#2,445.2,48.047%
2026-01-19 04:00,,興達CC#3,445.2,0.000%
2026-01-19 04:00,,興達CC#4,445.2,68.892%
2026-01-19 04:00,,興達CC#5,445.2,0.000%
2026-01-19 04:00,,南部CC#1,288.8,49.619%
2026-01-19 04:00,,南部CC#2,288.8,82.929%
2026-01-19 04:00,,南部CC#3,288.8,86.427%
2026-01-19 04:00,,南部CC#4,251.4,79.952%
2026-01-19 04:00,,大林#5,-,-
2026-01-19 04:00,,大林#6,550.0,53.491%
2026-01-19 04:00,,小計,15005.0(26.013%),
2026-01-19 04:00,,海湖#1,450.0,87.844%
2026-01-19 04:00,,新桃#1,630.0,71.952%
2026-01-19 04:00,,國光#1,480.0,0.000%
2026-01-19 04:00,,星彰#1,506.9,79.056%
2026-01-19 04:00,,星元#1,549.1,0.000%
2026-01-19 04:00,,嘉惠#1,700.0,98.429%
2026-01-19 04:00,,嘉惠#2,510.0,0.000%
2026-01-19 04:00,,豐德#1,506.9,0.000%
2026-01-19 04:00,,豐德#2,506.9,78.484%
2026-01-19 04:00,,豐德#3,1100.0,48.964%
2026-01-19 04:00,,小計,5939.7(10.297%),
2026-01-19 04:00,,協和#3,500.0,29.420%
2026-01-19 04:00,,協和#4,500.0,28.280%
2026-01-19 04:00,,澎湖尖山(註4),129.8,25.809%
2026-01-19 04:00,,小計,1129.8(1.959%),
2026-01-19 04:00,,核二Gas1,-,-
2026-01-19 04:00,,核二Gas2,-,-
2026-01-19 04:00,,核三Gas1,-,-
2026-01-19 04:00,,核三Gas2,-,-
2026-01-19 04:00,,台中Gas1&amp;2,140.0,0.000%
2026-01-19 04:00,,台中Gas3&amp;4,140.0,0.000%
2026-01-19 04:00,,金門塔山(註4),113.3,14.652%
2026-01-19 04:00,,馬祖珠山(註4),28.6,26.536%
2026-01-19 04:00,,離島其他(註4),41.2,N/A
2026-01-19 04:00,,小計,463.2(0.803%),
2026-01-19 04:00,,德基#1,78.0,0.000%
2026-01-19 04:00,,德基#2,78.0,0.000%
2026-01-19 04:00,,德基#3,78.0,0.000%
2026-01-19 04:00,,青山#1,92.0,0.000%
2026-01-19 04:00,,青山#2,92.0,0.000%
2026-01-19 04:00,,青山#3,92.0,0.000%
2026-01-19 04:00,,青山#4,92.0,0.000%
2026-01-19 04:00,,谷關#1,54.4,0.000%
2026-01-19 04:00,,谷關#2,54.4,21.304%
2026-01-19 04:00,,谷關#3,54.4,0.000%
2026-01-19 04:00,,谷關#4,54.4,0.000%
2026-01-19 04:00,,天輪#1,22.5,0.000%
2026-01-19 04:00,,天輪#2,22.5,0.000%
2026-01-19 04:00,,天輪#3,22.5,0.000%
2026-01-19 04:00,,天輪#4,22.5,0.000%
2026-01-19 04:00,,天輪#5,105.0,0.000%
2026-01-19 04:00,,馬鞍#1,66.7,16.182%
2026-01-19 04:00,,馬鞍#2,66.7,0.000%
2026-01-19 04:00,,卓蘭#1,40.0,0.000%
2026-01-19 04:00,,卓蘭#2,40.0,0.000%
2026-01-19 04:00,,萬大#1,10.4,0.000%
2026-01-19 04:00,,萬大#2,10.4,48.309%
2026-01-19 04:00,,萬大#3,15.3,0.000%
2026-01-19 04:00,,萬大#4,19.7,0.000%
2026-01-19 04:00,,松林#1&amp;2,20.9,0.000%
2026-01-19 04:00,,大觀一#1,22.0,9.091%
2026-01-19 04:00,,大觀一#2,22.0,0.000%
2026-01-19 04:00,,大觀一#3,22.0,8.182%
2026-01-19 04:00,,大觀一#4,22.0,8.636%
2026-01-19 04:00,,大觀一#5,22.0,8.182%
2026-01-19 04:00,,鉅工#1,21.8,0.000%
2026-01-19 04:00,,鉅工#2,21.8,0.000%
2026-01-19 04:00,,水里#1,12.8,0.002%
2026-01-19 04:00,,立霧#1&amp;#2,32.0,0.000%
2026-01-19 04:00,,龍澗#1,48.6,0.000%
2026-01-19 04:00,,龍澗#2,48.6,0.000%
2026-01-19 04:00,,碧海,61.2,7.680%
2026-01-19 04:00,,烏來&amp;桂山&amp;粗坑,40.5,36.296%
2026-01-19 04:00,,北部小水力(註6),31.1,71.978%
2026-01-19 04:00,,中部小水力(註6),31.3,6.071%
2026-01-19 04:00,,南部小水力(註6),7.2,51.604%
2026-01-19 04:00,,東部小水力(註6),54.6,37.729%
2026-01-19 04:00,,翡翠#1,70.0,0.000%
2026-01-19 04:00,,石門#1,45.0,0.000%
2026-01-19 04:00,,石門#2,45.0,0.000%
2026-01-19 04:00,,曾文#1,50.0,98.400%
2026-01-19 04:00,,義興#1,40.0,0.000%
2026-01-19 04:00,,名間,16.7,0.000%
2026-01-19 04:00,,嘉南西口、烏山頭和八田,22.5,62.762%
2026-01-19 04:00,,卑南,2.0,50.505%
2026-01-19 04:00,,捷祥關山,1.0,0.000%
2026-01-19 04:00,,其它購電小水力,6.1,N/A
2026-01-19 04:00,,小計(註5),2124.4(3.683%),
2026-01-19 04:00,陸域風力台電自有(註13),觀園,30.0,85.140%
2026-01-19 04:00,陸域風力台電自有(註13),台中港,35.0,82.929%
2026-01-19 04:00,陸域風力台電自有(註13),王功,23.0,95.652%
2026-01-19 04:00,陸域風力台電自有(註13),彰工,86.2,69.722%
2026-01-19 04:00,陸域風力台電自有(註13),雲麥,46.0,57.609%
2026-01-19 04:00,陸域風力台電自有(註13),四湖,28.0,87.500%
2026-01-19 04:00,陸域風力台電自有(註13),其它台電自有,84.7,40.949%
2026-01-19 04:00,陸域風力購電(註13),苗栗大鵬,42.0,83.095%
2026-01-19 04:00,陸域風力購電(註13),鹿威彰濱,55.2,72.101%
2026-01-19 04:00,陸域風力購電(註13),觀威觀音&amp;桃威新屋,48.3,81.781%
2026-01-19 04:00,陸域風力購電(註13),中威大安,75.9,107.246%
2026-01-19 04:00,陸域風力購電(註13),創維風,49.2,85.976%
2026-01-19 04:00,陸域風力購電(註13),新源崙背,25.2,88.095%
2026-01-19 04:00,陸域風力購電(註13),彰品風(註10),-,-
2026-01-19 04:00,陸域風力購電(註13),其它購電風力,178.4,51.177%
2026-01-19 04:00,離岸風力台電自有(註13),離岸一期,109.2,88.974%
2026-01-19 04:00,離岸風力台電自有(註13),離岸二期(註10),-,-
2026-01-19 04:00,離岸風力購電(註13),海洋竹南,128.0,96.172%
2026-01-19 04:00,離岸風力購電(註13),海能風,376.0,89.707%
2026-01-19 04:00,離岸風力購電(註13),沃一風,605.2,91.286%
2026-01-19 04:00,離岸風力購電(註13),沃二風,294.8,98.410%
2026-01-19 04:00,離岸風力購電(註13),沃四風(註10),-,-
2026-01-19 04:00,離岸風力購電(註13),沃南風(註10),-,-
2026-01-19 04:00,離岸風力購電(註13),芳一風,96.0,93.333%
2026-01-19 04:00,離岸風力購電(註13),芳二風,451.2,79.557%
2026-01-19 04:00,離岸風力購電(註13),允湖(註10),-,-
2026-01-19 04:00,離岸風力購電(註13),允西(註10),-,-
2026-01-19 04:00,離岸風力購電(註13),中能風(註10),-,-
2026-01-19 04:00,離岸風力購電(註13),龍A風(註10),-,-
2026-01-19 04:00,離岸風力購電(註13),龍B風(註10),-,-
2026-01-19 04:00,,小計,2867.5(4.971%),
2026-01-19 04:00,太陽能台電自有(註13),彰濱光,100.0,49.420%
2026-01-19 04:00,太陽能台電自有(註13),南鹽光,150.0,62.597%
2026-01-19 04:00,太陽能台電自有(註13),其它台電自有,24.3,24.477%
2026-01-19 04:00,太陽能購電(註13),崙尾光,-,-
2026-01-19 04:00,太陽能購電(註13),天衝光,-,-
2026-01-19 04:00,太陽能購電(註13),天篷光,80.0,56.364%
2026-01-19 04:00,太陽能購電(註13),寶興光(註10),-,-
2026-01-19 04:00,太陽能購電(註13),聯華光(註10),-,-
2026-01-19 04:00,太陽能購電(註13),向陽光(註10),-,-
2026-01-19 04:00,太陽能購電(註13),星崴光(註10),-,-
2026-01-19 04:00,太陽能購電(註13),碩力光(註10),-,-
2026-01-19 04:00,太陽能購電(註13),天英光(註10),-,-
2026-01-19 04:00,太陽能購電(註13),志光光(註10),-,-
2026-01-19 04:00,太陽能購電(註13),永堯光(註10),-,-
2026-01-19 04:00,太陽能購電(註13),昱昶光(註10),-,-
2026-01-19 04:00,太陽能購電(註13),星崙光(註10),-,-
2026-01-19 04:00,太陽能購電(註13),新和光(註10),-,-
2026-01-19 04:00,太陽能購電(註13),生利光(註10),-,-
2026-01-19 04:00,太陽能購電(註13),廷和光(註10),-,-
2026-01-19 04:00,太陽能購電(註13),星股光(註10),-,-
2026-01-19 04:00,太陽能購電(註13),其它購電太陽能,14327.6,43.529%
2026-01-19 04:00,,小計,14681.9(25.453%),
2026-01-19 04:00,,台電自有地熱,0.8,0.000%
2026-01-19 04:00,,購電地熱,6.4,43.418%
2026-01-19 04:00,,生質能(Biofuel),60.7,63.304%
2026-01-19 04:00,,小計,67.9(0.118%),
2026-01-19 04:00,抽蓄水力(Pumped Hydro),大觀二#1,250.0,0.000%
2026-01-19 04:00,抽蓄水力(Pumped Hydro),大觀二#2,250.0,0.000%
2026-01-19 04:00,抽蓄水力(Pumped Hydro),大觀二#3,250.0,0.000%
2026-01-19 04:00,抽蓄水力(Pumped Hydro),大觀二#4,250.0,0.000%
2026-01-19 04:00,抽蓄水力(Pumped Hydro),明潭#1,267.0,0.000%
2026-01-19 04:00,抽蓄水力(Pumped Hydro),明潭#2,267.0,0.000%
2026-01-19 04:00,抽蓄水力(Pumped Hydro),明潭#3,267.0,0.000%
2026-01-19 04:00,抽蓄水力(Pumped Hydro),明潭#4,267.0,0.000%
2026-01-19 04:00,抽蓄水力(Pumped Hydro),明潭#5,267.0,0.000%
2026-01-19 04:00,抽蓄水力(Pumped Hydro),明潭#6,267.0,0.000%
2026-01-19 04:00,電池(Battery),電池(註16),811.8,0.000%
2026-01-19 04:00,,小計,3413.8(5.918%),
2026-01-19 04:00,抽蓄水力(Pumped Hydro),大觀二#1,-,-
2026-01-19 04:00,抽蓄水力(Pumped Hydro),大觀二#2,-,-
2026-01-19 04:00,抽蓄水力(Pumped Hydro),大觀二#3,-,-
2026-01-19 04:00,抽蓄水力(Pumped Hydro),大觀二#4,-,-
2026-01-19 04:00,抽蓄水力(Pumped Hydro),明潭#1,-,-
2026-01-19 04:00,抽蓄水力(Pumped Hydro),明潭#2,-,-
2026-01-19 04:00,抽蓄水力(Pumped Hydro),明潭#3,-,-
2026-01-19 04:00,抽蓄水力(Pumped Hydro),明潭#4,-,-
2026-01-19 04:00,抽蓄水力(Pumped Hydro),明潭#5,-,-
2026-01-19 04:00,抽蓄水力(Pumped Hydro),明潭#6,-,-
2026-01-19 04:00,電池(Battery),電池(註16),-,-
2026-01-19 04:55,,林口#1,800.0,94.375%
2026-01-19 04:55,,林口#2,800.0,0.000%
2026-01-19 04:55,,林口#3,800.0,95.150%
2026-01-19 04:55,,台中#1,550.0,41.127%
2026-01-19 04:55,,台中#2,550.0,42.600%
2026-01-19 04:55,,台中#3,550.0,44.055%
2026-01-19 04:55,,台中#4,550.0,0.000%
2026-01-19 04:55,,台中#5,550.0,41.909%
2026-01-19 04:55,,台中#6,550.0,0.000%
2026-01-19 04:55,,台中#7,550.0,43.255%
2026-01-19 04:55,,台中#8,550.0,44.036%
2026-01-19 04:55,,台中#9,550.0,0.000%
2026-01-19 04:55,,台中#10,550.0,83.836%
2026-01-19 04:55,,興達#1(註15),-,-
2026-01-19 04:55,,興達#2(註15),-,-
2026-01-19 04:55,,興達#3(註15),-,-
2026-01-19 04:55,,興達#4(註12),550.0,0.000%
2026-01-19 04:55,,大林#1,800.0,0.000%
2026-01-19 04:55,,大林#2,800.0,94.738%
2026-01-19 04:55,,小計,10050.0(17.423%),
2026-01-19 04:55,,汽電共生,631.4,-
2026-01-19 04:55,,小計,631.4(1.095%),
2026-01-19 04:55,,和平#1,648.6,88.428%
2026-01-19 04:55,,和平#2,660.0,85.364%
2026-01-19 04:55,,小計,1308.6(2.269%),
2026-01-19 04:55,,大潭CC#1,742.7,0.000%
2026-01-19 04:55,,大潭CC#2,742.7,61.236%
2026-01-19 04:55,,大潭CC#3,724.7,57.196%
2026-01-19 04:55,,大潭CC#4,724.7,86.270%
2026-01-19 04:55,,大潭CC#5,724.7,82.448%
2026-01-19 04:55,,大潭CC#6,724.7,90.548%
2026-01-19 04:55,,大潭CC#7(註10),-,-
2026-01-19 04:55,,大潭CC#8,1123.6,0.000%
2026-01-19 04:55,,大潭CC#9,1123.6,63.580%
2026-01-19 04:55,,通霄CC#1,892.6,84.215%
2026-01-19 04:55,,通霄CC#2,892.6,102.364%
2026-01-19 04:55,,通霄CC#3,892.6,92.191%
2026-01-19 04:55,,通霄CC#6,321.2,95.704%
2026-01-19 04:55,,通霄GT#9,180.9,0.000%
2026-01-19 04:55,,台中CC#1(註10),-,-
2026-01-19 04:55,,興達新CC#1,1300.0,0.000%
2026-01-19 04:55,,興達新CC#2(註10),-,-
2026-01-19 04:55,,興達CC#1,445.2,44.722%
2026-01-19 04:55,,興達CC#2,445.2,48.631%
2026-01-19 04:55,,興達CC#3,445.2,0.000%
2026-01-19 04:55,,興達CC#4,445.2,43.802%
2026-01-19 04:55,,興達CC#5,445.2,0.000%
2026-01-19 04:55,,南部CC#1,288.8,50.485%
2026-01-19 04:55,,南部CC#2,288.8,94.114%
2026-01-19 04:55,,南部CC#3,288.8,97.472%
2026-01-19 04:55,,南部CC#4,251.4,92.283%
2026-01-19 04:55,,大林#5,-,-
2026-01-19 04:55,,大林#6,550.0,53.345%
2026-01-19 04:55,,小計,15005.0(26.013%),
2026-01-19 04:55,,海湖#1,450.0,87.822%
2026-01-19 04:55,,新桃#1,630.0,71.952%
2026-01-19 04:55,,國光#1,480.0,0.000%
2026-01-19 04:55,,星彰#1,506.9,79.470%
2026-01-19 04:55,,星元#1,549.1,10.381%
2026-01-19 04:55,,嘉惠#1,700.0,98.571%
2026-01-19 04:55,,嘉惠#2,510.0,0.000%
2026-01-19 04:55,,豐德#1,506.9,0.000%
2026-01-19 04:55,,豐德#2,506.9,78.326%
2026-01-19 04:55,,豐德#3,1100.0,48.882%
2026-01-19 04:55,,小計,5939.7(10.297%),
2026-01-19 04:55,,協和#3,500.0,28.780%
2026-01-19 04:55,,協和#4,500.0,27.800%
2026-01-19 04:55,,澎湖尖山(註4),129.8,25.732%
2026-01-19 04:55,,小計,1129.8(1.959%),
2026-01-19 04:55,,核二Gas1,-,-
2026-01-19 04:55,,核二Gas2,-,-
2026-01-19 04:55,,核三Gas1,-,-
2026-01-19 04:55,,核三Gas2,-,-
2026-01-19 04:55,,台中Gas1&amp;2,140.0,0.000%
2026-01-19 04:55,,台中Gas3&amp;4,140.0,0.000%
2026-01-19 04:55,,金門塔山(註4),113.3,15.094%
2026-01-19 04:55,,馬祖珠山(註4),28.6,26.187%
2026-01-19 04:55,,離島其他(註4),41.2,N/A
2026-01-19 04:55,,小計,463.2(0.803%),
2026-01-19 04:55,,德基#1,78.0,0.000%
2026-01-19 04:55,,德基#2,78.0,0.000%
2026-01-19 04:55,,德基#3,78.0,0.000%
2026-01-19 04:55,,青山#1,92.0,0.000%
2026-01-19 04:55,,青山#2,92.0,0.000%
2026-01-19 04:55,,青山#3,92.0,0.000%
2026-01-19 04:55,,青山#4,92.0,0.000%
2026-01-19 04:55,,谷關#1,54.4,0.000%
2026-01-19 04:55,,谷關#2,54.4,22.406%
2026-01-19 04:55,,谷關#3,54.4,0.000%
2026-01-19 04:55,,谷關#4,54.4,0.000%
2026-01-19 04:55,,天輪#1,22.5,0.000%
2026-01-19 04:55,,天輪#2,22.5,0.000%
2026-01-19 04:55,,天輪#3,22.5,0.000%
2026-01-19 04:55,,天輪#4,22.5,0.000%
2026-01-19 04:55,,天輪#5,105.0,0.000%
2026-01-19 04:55,,馬鞍#1,66.7,15.733%
2026-01-19 04:55,,馬鞍#2,66.7,0.000%
2026-01-19 04:55,,卓蘭#1,40.0,0.000%
2026-01-19 04:55,,卓蘭#2,40.0,0.000%
2026-01-19 04:55,,萬大#1,10.4,0.000%
2026-01-19 04:55,,萬大#2,10.4,48.309%
2026-01-19 04:55,,萬大#3,15.3,0.000%
2026-01-19 04:55,,萬大#4,19.7,0.000%
2026-01-19 04:55,,松林#1&amp;2,20.9,0.000%
2026-01-19 04:55,,大觀一#1,22.0,10.000%
2026-01-19 04:55,,大觀一#2,22.0,0.000%
2026-01-19 04:55,,大觀一#3,22.0,9.091%
2026-01-19 04:55,,大觀一#4,22.0,9.545%
2026-01-19 04:55,,大觀一#5,22.0,8.636%
2026-01-19 04:55,,鉅工#1,21.8,0.000%
2026-01-19 04:55,,鉅工#2,21.8,0.000%
2026-01-19 04:55,,水里#1,12.8,0.002%
2026-01-19 04:55,,立霧#1&amp;#2,32.0,0.000%
2026-01-19 04:55,,龍澗#1,48.6,0.000%
2026-01-19 04:55,,龍澗#2,48.6,0.000%
2026-01-19 04:55,,碧海,61.2,7.680%
2026-01-19 04:55,,烏來&amp;桂山&amp;粗坑,40.5,36.296%
2026-01-19 04:55,,北部小水力(註6),31.1,71.978%
2026-01-19 04:55,,中部小水力(註6),31.3,6.071%
2026-01-19 04:55,,南部小水力(註6),7.2,51.604%
2026-01-19 04:55,,東部小水力(註6),54.6,39.744%
2026-01-19 04:55,,翡翠#1,70.0,0.000%
2026-01-19 04:55,,石門#1,45.0,0.000%
2026-01-19 04:55,,石門#2,45.0,0.000%
2026-01-19 04:55,,曾文#1,50.0,98.800%
2026-01-19 04:55,,義興#1,40.0,0.000%
2026-01-19 04:55,,名間,16.7,0.000%
2026-01-19 04:55,,嘉南西口、烏山頭和八田,22.5,58.755%
2026-01-19 04:55,,卑南,2.0,50.505%
2026-01-19 04:55,,捷祥關山,1.0,0.000%
2026-01-19 04:55,,其它購電小水力,6.1,N/A
2026-01-19 04:55,,小計(註5),2124.4(3.683%),
2026-01-19 04:55,陸域風力台電自有(註13),觀園,30.0,85.140%
2026-01-19 04:55,陸域風力台電自有(註13),台中港,35.0,84.214%
2026-01-19 04:55,陸域風力台電自有(註13),王功,23.0,97.391%
2026-01-19 04:55,陸域風力台電自有(註13),彰工,86.2,70.186%
2026-01-19 04:55,陸域風力台電自有(註13),雲麥,46.0,60.870%
2026-01-19 04:55,陸域風力台電自有(註13),四湖,28.0,88.571%
2026-01-19 04:55,陸域風力台電自有(註13),其它台電自有,84.7,40.713%
2026-01-19 04:55,陸域風力購電(註13),苗栗大鵬,42.0,84.762%
2026-01-19 04:55,陸域風力購電(註13),鹿威彰濱,55.2,72.101%
2026-01-19 04:55,陸域風力購電(註13),觀威觀音&amp;桃威新屋,48.3,84.265%
2026-01-19 04:55,陸域風力購電(註13),中威大安,75.9,112.648%
2026-01-19 04:55,陸域風力購電(註13),創維風,49.2,89.431%
2026-01-19 04:55,陸域風力購電(註13),新源崙背,25.2,96.825%
2026-01-19 04:55,陸域風力購電(註13),彰品風(註10),-,-
2026-01-19 04:55,陸域風力購電(註13),其它購電風力,178.4,48.935%
2026-01-19 04:55,離岸風力台電自有(註13),離岸一期,109.2,93.077%
2026-01-19 04:55,離岸風力台電自有(註13),離岸二期(註10),-,-
2026-01-19 04:55,離岸風力購電(註13),海洋竹南,128.0,95.977%
2026-01-19 04:55,離岸風力購電(註13),海能風,376.0,89.096%
2026-01-19 04:55,離岸風力購電(註13),沃一風,605.2,91.478%
2026-01-19 04:55,離岸風力購電(註13),沃二風,294.8,98.410%
2026-01-19 04:55,離岸風力購電(註13),沃四風(註10),-,-
2026-01-19 04:55,離岸風力購電(註13),沃南風(註10),-,-
2026-01-19 04:55,離岸風力購電(註13),芳一風,96.0,93.333%
2026-01-19 04:55,離岸風力購電(註13),芳二風,451.2,79.557%
2026-01-19 04:55,離岸風力購電(註13),允湖(註10),-,-
2026-01-19 04:55,離岸風力購電(註13),允西(註10),-,-
2026-01-19 04:55,離岸風力購電(註13),中能風(註10),-,-
2026-01-19 04:55,離岸風力購電(註13),龍A風(註10),-,-
2026-01-19 04:55,離岸風力購電(註13),龍B風(註10),-,-
2026-01-19 04:55,,小計,2867.5(4.971%),
2026-01-19 04:55,太陽能台電自有(註13),彰濱光,100.0,30.100%
2026-01-19 04:55,太陽能台電自有(註13),南鹽光,150.0,63.437%
2026-01-19 04:55,太陽能台電自有(註13),其它台電自有,24.3,22.914%
2026-01-19 04:55,太陽能購電(註13),崙尾光,-,-
2026-01-19 04:55,太陽能購電(註13),天衝光,-,-
2026-01-19 04:55,太陽能購電(註13),天篷光,80.0,56.714%
2026-01-19 04:55,太陽能購電(註13),寶興光(註10),-,-
2026-01-19 04:55,太陽能購電(註13),聯華光(註10),-,-
2026-01-19 04:55,太陽能購電(註13),向陽光(註10),-,-
2026-01-19 04:55,太陽能購電(註13),星崴光(註10),-,-
2026-01-19 04:55,太陽能購電(註13),碩力光(註10),-,-
2026-01-19 04:55,太陽能購電(註13),天英光(註10),-,-
2026-01-19 04:55,太陽能購電(註13),志光光(註10),-,-
2026-01-19 04:55,太陽能購電(註13),永堯光(註10),-,-
2026-01-19 04:55,太陽能購電(註13),昱昶光(註10),-,-
2026-01-19 04:55,太陽能購電(註13),星崙光(註10),-,-
2026-01-19 04:55,太陽能購電(註13),新和光(註10),-,-
2026-01-19 04:55,太陽能購電(註13),生利光(註10),-,-
2026-01-19 04:55,太陽能購電(註13),廷和光(註10),-,-
2026-01-19 04:55,太陽能購電(註13),星股光(註10),-,-
2026-01-19 04:55,太陽能購電(註13),其它購電太陽能,14327.6,42.247%
2026-01-19 04:55,,小計,14681.9(25.453%),
2026-01-19 04:55,,台電自有地熱,0.8,0.000%
2026-01-19 04:55,,購電地熱,6.4,41.867%
2026-01-19 04:55,,生質能(Biofuel),60.7,58.193%
2026-01-19 04:55,,小計,67.9(0.118%),
2026-01-19 04:55,抽蓄水力(Pumped Hydro),大觀二#1,250.0,0.000%
2026-01-19 04:55,抽蓄水力(Pumped Hydro),大觀二#2,250.0,0.000%
2026-01-19 04:55,抽蓄水力(Pumped Hydro),大觀二#3,250.0,0.000%
2026-01-19 04:55,抽蓄水力(Pumped Hydro),大觀二#4,250.0,0.000%
2026-01-19 04:55,抽蓄水力(Pumped Hydro),明潭#1,267.0,0.000%
2026-01-19 04:55,抽蓄水力(Pumped Hydro),明潭#2,267.0,0.000%
2026-01-19 04:55,抽蓄水力(Pumped Hydro),明潭#3,267.0,0.000%
2026-01-19 04:55,抽蓄水力(Pumped Hydro),明潭#4,267.0,0.000%
2026-01-19 04:55,抽蓄水力(Pumped Hydro),明潭#5,267.0,0.000%
2026-01-19 04:55,抽蓄水力(Pumped Hydro),明潭#6,267.0,0.000%
2026-01-19 04:55,電池(Battery),電池(註16),811.8,0.000%
2026-01-19 04:55,,小計,3413.8(5.918%),
2026-01-19 04:55,抽蓄水力(Pumped Hydro),大觀二#1,-,-
2026-01-19 04:55,抽蓄水力(Pumped Hydro),大觀二#2,-,-
2026-01-19 04:55,抽蓄水力(Pumped Hydro),大觀二#3,-,-
2026-01-19 04:55,抽蓄水力(Pumped Hydro),大觀二#4,-,-
2026-01-19 04:55,抽蓄水力(Pumped Hydro),明潭#1,-,-
2026-01-19 04:55,抽蓄水力(Pumped Hydro),明潭#2,-,-
2026-01-19 04:55,抽蓄水力(Pumped Hydro),明潭#3,-,-
2026-01-19 04:55,抽蓄水力(Pumped Hydro),明潭#4,-,-
2026-01-19 04:55,抽蓄水力(Pumped Hydro),明潭#5,-,-
2026-01-19 04:55,抽蓄水力(Pumped Hydro),明潭#6,-,-
2026-01-19 04:55,電池(Battery),電池(註16),-,-
2026-01-19 06:45,,林口#1,800.0,94.463%
2026-01-19 06:45,,林口#2,800.0,0.000%
2026-01-19 06:45,,林口#3,800.0,94.075%
2026-01-19 06:45,,台中#1,550.0,57.618%
2026-01-19 06:45,,台中#2,550.0,58.691%
2026-01-19 06:45,,台中#3,550.0,62.527%
2026-01-19 06:45,,台中#4,550.0,0.000%
2026-01-19 06:45,,台中#5,550.0,58.782%
2026-01-19 06:45,,台中#6,550.0,0.000%
2026-01-19 06:45,,台中#7,550.0,59.600%
2026-01-19 06:45,,台中#8,550.0,61.018%
2026-01-19 06:45,,台中#9,550.0,0.000%
2026-01-19 06:45,,台中#10,550.0,94.255%
2026-01-19 06:45,,興達#1(註15),-,-
2026-01-19 06:45,,興達#2(註15),-,-
2026-01-19 06:45,,興達#3(註15),-,-
2026-01-19 06:45,,興達#4(註12),550.0,0.000%
2026-01-19 06:45,,大林#1,800.0,0.000%
2026-01-19 06:45,,大林#2,800.0,94.438%
2026-01-19 06:45,,小計,10050.0(17.423%),
2026-01-19 06:45,,汽電共生,631.4,-
2026-01-19 06:45,,小計,631.4(1.095%),
2026-01-19 06:45,,和平#1,648.6,90.417%
2026-01-19 06:45,,和平#2,660.0,89.136%
2026-01-19 06:45,,小計,1308.6(2.269%),
2026-01-19 06:45,,大潭CC#1,742.7,0.000%
2026-01-19 06:45,,大潭CC#2,742.7,56.335%
2026-01-19 06:45,,大潭CC#3,724.7,56.189%
2026-01-19 06:45,,大潭CC#4,724.7,83.938%
2026-01-19 06:45,,大潭CC#5,724.7,70.319%
2026-01-19 06:45,,大潭CC#6,724.7,86.160%
2026-01-19 06:45,,大潭CC#7(註10),-,-
2026-01-19 06:45,,大潭CC#8,1123.6,0.000%
2026-01-19 06:45,,大潭CC#9,1123.6,82.696%
2026-01-19 06:45,,通霄CC#1,892.6,100.639%
2026-01-19 06:45,,通霄CC#2,892.6,101.826%
2026-01-19 06:45,,通霄CC#3,892.6,101.961%
2026-01-19 06:45,,通霄CC#6,321.2,95.641%
2026-01-19 06:45,,通霄GT#9,180.9,0.000%
2026-01-19 06:45,,台中CC#1(註10),-,-
2026-01-19 06:45,,興達新CC#1,1300.0,0.000%
2026-01-19 06:45,,興達新CC#2(註10),-,-
2026-01-19 06:45,,興達CC#1,445.2,44.812%
2026-01-19 06:45,,興達CC#2,445.2,48.204%
2026-01-19 06:45,,興達CC#3,445.2,0.000%
2026-01-19 06:45,,興達CC#4,445.2,68.914%
2026-01-19 06:45,,興達CC#5,445.2,0.000%
2026-01-19 06:45,,南部CC#1,288.8,42.590%
2026-01-19 06:45,,南部CC#2,288.8,81.891%
2026-01-19 06:45,,南部CC#3,288.8,83.241%
2026-01-19 06:45,,南部CC#4,251.4,73.349%
2026-01-19 06:45,,大林#5,-,-
2026-01-19 06:45,,大林#6,550.0,53.491%
2026-01-19 06:45,,小計,15005.0(26.013%),
2026-01-19 06:45,,海湖#1,450.0,102.000%
2026-01-19 06:45,,新桃#1,630.0,71.873%
2026-01-19 06:45,,國光#1,480.0,0.000%
2026-01-19 06:45,,星彰#1,506.9,86.770%
2026-01-19 06:45,,星元#1,549.1,82.225%
2026-01-19 06:45,,嘉惠#1,700.0,98.429%
2026-01-19 06:45,,嘉惠#2,510.0,79.059%
2026-01-19 06:45,,豐德#1,506.9,94.504%
2026-01-19 06:45,,豐德#2,506.9,86.613%
2026-01-19 06:45,,豐德#3,1100.0,96.700%
2026-01-19 06:45,,小計,5939.7(10.297%),
2026-01-19 06:45,,協和#3,500.0,28.780%
2026-01-19 06:45,,協和#4,500.0,28.120%
2026-01-19 06:45,,澎湖尖山(註4),129.8,24.730%
2026-01-19 06:45,,小計,1129.8(1.959%),
2026-01-19 06:45,,核二Gas1,-,-
2026-01-19 06:45,,核二Gas2,-,-
2026-01-19 06:45,,核三Gas1,-,-
2026-01-19 06:45,,核三Gas2,-,-
2026-01-19 06:45,,台中Gas1&amp;2,140.0,0.000%
2026-01-19 06:45,,台中Gas3&amp;4,140.0,0.000%
2026-01-19 06:45,,金門塔山(註4),113.3,19.419%
2026-01-19 06:45,,馬祖珠山(註4),28.6,23.743%
2026-01-19 06:45,,離島其他(註4),41.2,N/A
2026-01-19 06:45,,小計,463.2(0.803%),
2026-01-19 06:45,,德基#1,78.0,0.000%
2026-01-19 06:45,,德基#2,78.0,0.000%
2026-01-19 06:45,,德基#3,78.0,0.000%
2026-01-19 06:45,,青山#1,92.0,0.000%
2026-01-19 06:45,,青山#2,92.0,0.000%
2026-01-19 06:45,,青山#3,92.0,0.000%
2026-01-19 06:45,,青山#4,92.0,0.000%
2026-01-19 06:45,,谷關#1,54.4,0.000%
2026-01-19 06:45,,谷關#2,54.4,21.855%
2026-01-19 06:45,,谷關#3,54.4,0.000%
2026-01-19 06:45,,谷關#4,54.4,0.000%
2026-01-19 06:45,,天輪#1,22.5,0.000%
2026-01-19 06:45,,天輪#2,22.5,0.000%
2026-01-19 06:45,,天輪#3,22.5,0.000%
2026-01-19 06:45,,天輪#4,22.5,0.000%
2026-01-19 06:45,,天輪#5,105.0,0.000%
2026-01-19 06:45,,馬鞍#1,66.7,10.339%
2026-01-19 06:45,,馬鞍#2,66.7,0.000%
2026-01-19 06:45,,卓蘭#1,40.0,0.000%
2026-01-19 06:45,,卓蘭#2,40.0,0.000%
2026-01-19 06:45,,萬大#1,10.4,0.000%
2026-01-19 06:45,,萬大#2,10.4,48.309%
2026-01-19 06:45,,萬大#3,15.3,0.000%
2026-01-19 06:45,,萬大#4,19.7,0.000%
2026-01-19 06:45,,松林#1&amp;2,20.9,0.000%
2026-01-19 06:45,,大觀一#1,22.0,9.091%
2026-01-19 06:45,,大觀一#2,22.0,0.000%
2026-01-19 06:45,,大觀一#3,22.0,7.273%
2026-01-19 06:45,,大觀一#4,22.0,8.182%
2026-01-19 06:45,,大觀一#5,22.0,7.727%
2026-01-19 06:45,,鉅工#1,21.8,0.000%
2026-01-19 06:45,,鉅工#2,21.8,0.000%
2026-01-19 06:45,,水里#1,12.8,0.002%
2026-01-19 06:45,,立霧#1&amp;#2,32.0,0.000%
2026-01-19 06:45,,龍澗#1,48.6,0.000%
2026-01-19 06:45,,龍澗#2,48.6,0.000%
2026-01-19 06:45,,碧海,61.2,7.353%
2026-01-19 06:45,,烏來&amp;桂山&amp;粗坑,40.5,36.296%
2026-01-19 06:45,,北部小水力(註6),31.1,71.978%
2026-01-19 06:45,,中部小水力(註6),31.3,6.071%
2026-01-19 06:45,,南部小水力(註6),7.2,51.604%
2026-01-19 06:45,,東部小水力(註6),54.6,43.407%
2026-01-19 06:45,,翡翠#1,70.0,0.000%
2026-01-19 06:45,,石門#1,45.0,0.000%
2026-01-19 06:45,,石門#2,45.0,0.000%
2026-01-19 06:45,,曾文#1,50.0,99.200%
2026-01-19 06:45,,義興#1,40.0,45.500%
2026-01-19 06:45,,名間,16.7,0.000%
2026-01-19 06:45,,嘉南西口、烏山頭和八田,22.5,53.414%
2026-01-19 06:45,,卑南,2.0,50.505%
2026-01-19 06:45,,捷祥關山,1.0,0.000%
2026-01-19 06:45,,其它購電小水力,6.1,N/A
2026-01-19 06:45,,小計(註5),2124.4(3.683%),
2026-01-19 06:45,陸域風力台電自有(註13),觀園,30.0,95.040%
2026-01-19 06:45,陸域風力台電自有(註13),台中港,35.0,81.386%
2026-01-19 06:45,陸域風力台電自有(註13),王功,23.0,98.261%
2026-01-19 06:45,陸域風力台電自有(註13),彰工,86.2,67.865%
2026-01-19 06:45,陸域風力台電自有(註13),雲麥,46.0,60.652%
2026-01-19 06:45,陸域風力台電自有(註13),四湖,28.0,86.071%
2026-01-19 06:45,陸域風力台電自有(註13),其它台電自有,84.7,60.774%
2026-01-19 06:45,陸域風力購電(註13),苗栗大鵬,42.0,89.286%
2026-01-19 06:45,陸域風力購電(註13),鹿威彰濱,55.2,74.638%
2026-01-19 06:45,陸域風力購電(註13),觀威觀音&amp;桃威新屋,48.3,84.679%
2026-01-19 06:45,陸域風力購電(註13),中威大安,75.9,106.061%
2026-01-19 06:45,陸域風力購電(註13),創維風,49.2,92.886%
2026-01-19 06:45,陸域風力購電(註13),新源崙背,25.2,96.429%
2026-01-19 06:45,陸域風力購電(註13),彰品風(註10),-,-
2026-01-19 06:45,陸域風力購電(註13),其它購電風力,178.4,50.000%
2026-01-19 06:45,離岸風力台電自有(註13),離岸一期,109.2,88.974%
2026-01-19 06:45,離岸風力台電自有(註13),離岸二期(註10),-,-
2026-01-19 06:45,離岸風力購電(註13),海洋竹南,128.0,96.172%
2026-01-19 06:45,離岸風力購電(註13),海能風,376.0,89.202%
2026-01-19 06:45,離岸風力購電(註13),沃一風,605.2,91.332%
2026-01-19 06:45,離岸風力購電(註13),沃二風,294.8,98.410%
2026-01-19 06:45,離岸風力購電(註13),沃四風(註10),-,-
2026-01-19 06:45,離岸風力購電(註13),沃南風(註10),-,-
2026-01-19 06:45,離岸風力購電(註13),芳一風,96.0,93.333%
2026-01-19 06:45,離岸風力購電(註13),芳二風,451.2,79.557%
2026-01-19 06:45,離岸風力購電(註13),允湖(註10),-,-
2026-01-19 06:45,離岸風力購電(註13),允西(註10),-,-
2026-01-19 06:45,離岸風力購電(註13),中能風(註10),-,-
2026-01-19 06:45,離岸風力購電(註13),龍A風(註10),-,-
2026-01-19 06:45,離岸風力購電(註13),龍B風(註10),-,-
2026-01-19 06:45,,小計,2867.5(4.971%),
2026-01-19 06:45,太陽能台電自有(註13),彰濱光,100.0,35.560%
2026-01-19 06:45,太陽能台電自有(註13),南鹽光,150.0,46.544%
2026-01-19 06:45,太陽能台電自有(註13),其它台電自有,24.3,12.642%
2026-01-19 06:45,太陽能購電(註13),崙尾光,-,-
2026-01-19 06:45,太陽能購電(註13),天衝光,-,-
2026-01-19 06:45,太陽能購電(註13),天篷光,80.0,42.011%
2026-01-19 06:45,太陽能購電(註13),寶興光(註10),-,-
2026-01-19 06:45,太陽能購電(註13),聯華光(註10),-,-
2026-01-19 06:45,太陽能購電(註13),向陽光(註10),-,-
2026-01-19 06:45,太陽能購電(註13),星崴光(註10),-,-
2026-01-19 06:45,太陽能購電(註13),碩力光(註10),-,-
2026-01-19 06:45,太陽能購電(註13),天英光(註10),-,-
2026-01-19 06:45,太陽能購電(註13),志光光(註10),-,-
2026-01-19 06:45,太陽能購電(註13),永堯光(註10),-,-
2026-01-19 06:45,太陽能購電(註13),昱昶光(註10),-,-
2026-01-19 06:45,太陽能購電(註13),星崙光(註10),-,-
2026-01-19 06:45,太陽能購電(註13),新和光(註10),-,-
2026-01-19 06:45,太陽能購電(註13),生利光(註10),-,-
2026-01-19 06:45,太陽能購電(註13),廷和光(註10),-,-
2026-01-19 06:45,太陽能購電(註13),星股光(註10),-,-
2026-01-19 06:45,太陽能購電(註13),其它購電太陽能,14327.6,29.536%
2026-01-19 06:45,,小計,14681.9(25.453%),
2026-01-19 06:45,,台電自有地熱,0.8,0.000%
2026-01-19 06:45,,購電地熱,6.4,43.418%
2026-01-19 06:45,,生質能(Biofuel),60.7,57.369%
2026-01-19 06:45,,小計,67.9(0.118%),
2026-01-19 06:45,抽蓄水力(Pumped Hydro),大觀二#1,250.0,0.000%
2026-01-19 06:45,抽蓄水力(Pumped Hydro),大觀二#2,250.0,0.000%
2026-01-19 06:45,抽蓄水力(Pumped Hydro),大觀二#3,250.0,0.000%
2026-01-19 06:45,抽蓄水力(Pumped Hydro),大觀二#4,250.0,0.000%
2026-01-19 06:45,抽蓄水力(Pumped Hydro),明潭#1,267.0,0.000%
2026-01-19 06:45,抽蓄水力(Pumped Hydro),明潭#2,267.0,0.000%
2026-01-19 06:45,抽蓄水力(Pumped Hydro),明潭#3,267.0,0.000%
2026-01-19 06:45,抽蓄水力(Pumped Hydro),明潭#4,267.0,0.000%
2026-01-19 06:45,抽蓄水力(Pumped Hydro),明潭#5,267.0,0.000%
2026-01-19 06:45,抽蓄水力(Pumped Hydro),明潭#6,267.0,0.000%
2026-01-19 06:45,電池(Battery),電池(註16),811.8,0.000%
2026-01-19 06:45,,小計,3413.8(5.918%),
2026-01-19 06:45,抽蓄水力(Pumped Hydro),大觀二#1,-,-
2026-01-19 06:45,抽蓄水力(Pumped Hydro),大觀二#2,-,-
2026-01-19 06:45,抽蓄水力(Pumped Hydro),大觀二#3,-,-
2026-01-19 06:45,抽蓄水力(Pumped Hydro),大觀二#4,-,-
2026-01-19 06:45,抽蓄水力(Pumped Hydro),明潭#1,-,-
2026-01-19 06:45,抽蓄水力(Pumped Hydro),明潭#2,-,-
2026-01-19 06:45,抽蓄水力(Pumped Hydro),明潭#3,-,-
2026-01-19 06:45,抽蓄水力(Pumped Hydro),明潭#4,-,-
2026-01-19 06:45,抽蓄水力(Pumped Hydro),明潭#5,-,-
2026-01-19 06:45,抽蓄水力(Pumped Hydro),明潭#6,-,-
2026-01-19 06:45,電池(Battery),電池(註16),-,-
2026-01-19 07:32,,林口#1,800.0,94.537%
2026-01-19 07:32,,林口#2,800.0,0.000%
2026-01-19 07:32,,林口#3,800.0,94.100%
2026-01-19 07:32,,台中#1,550.0,58.891%
2026-01-19 07:32,,台中#2,550.0,59.782%
2026-01-19 07:32,,台中#3,550.0,60.818%
2026-01-19 07:32,,台中#4,550.0,0.000%
2026-01-19 07:32,,台中#5,550.0,61.055%
2026-01-19 07:32,,台中#6,550.0,0.000%
2026-01-19 07:32,,台中#7,550.0,59.891%
2026-01-19 07:32,,台中#8,550.0,62.091%
2026-01-19 07:32,,台中#9,550.0,0.000%
2026-01-19 07:32,,台中#10,550.0,94.873%
2026-01-19 07:32,,興達#1(註15),-,-
2026-01-19 07:32,,興達#2(註15),-,-
2026-01-19 07:32,,興達#3(註15),-,-
2026-01-19 07:32,,興達#4(註12),550.0,0.000%
2026-01-19 07:32,,大林#1,800.0,0.000%
2026-01-19 07:32,,大林#2,800.0,94.925%
2026-01-19 07:32,,小計,10050.0(17.423%),
2026-01-19 07:32,,汽電共生,631.4,-
2026-01-19 07:32,,小計,631.4(1.095%),
2026-01-19 07:32,,和平#1,648.6,91.666%
2026-01-19 07:32,,和平#2,660.0,89.273%
2026-01-19 07:32,,小計,1308.6(2.269%),
2026-01-19 07:32,,大潭CC#1,742.7,0.000%
2026-01-19 07:32,,大潭CC#2,742.7,60.011%
2026-01-19 07:32,,大潭CC#3,724.7,56.189%
2026-01-19 07:32,,大潭CC#4,724.7,85.553%
2026-01-19 07:32,,大潭CC#5,724.7,82.020%
2026-01-19 07:32,,大潭CC#6,724.7,89.789%
2026-01-19 07:32,,大潭CC#7(註10),-,-
2026-01-19 07:32,,大潭CC#8,1123.6,0.000%
2026-01-19 07:32,,大潭CC#9,1123.6,86.844%
2026-01-19 07:32,,通霄CC#1,892.6,101.098%
2026-01-19 07:32,,通霄CC#2,892.6,102.173%
2026-01-19 07:32,,通霄CC#3,892.6,102.129%
2026-01-19 07:32,,通霄CC#6,321.2,95.859%
2026-01-19 07:32,,通霄GT#9,180.9,0.000%
2026-01-19 07:32,,台中CC#1(註10),-,-
2026-01-19 07:32,,興達新CC#1,1300.0,0.000%
2026-01-19 07:32,,興達新CC#2(註10),-,-
2026-01-19 07:32,,興達CC#1,445.2,47.845%
2026-01-19 07:32,,興達CC#2,445.2,48.182%
2026-01-19 07:32,,興達CC#3,445.2,0.000%
2026-01-19 07:32,,興達CC#4,445.2,61.434%
2026-01-19 07:32,,興達CC#5,445.2,0.000%
2026-01-19 07:32,,南部CC#1,288.8,48.442%
2026-01-19 07:32,,南部CC#2,288.8,90.339%
2026-01-19 07:32,,南部CC#3,288.8,95.291%
2026-01-19 07:32,,南部CC#4,251.4,93.278%
2026-01-19 07:32,,大林#5,-,-
2026-01-19 07:32,,大林#6,550.0,53.200%
2026-01-19 07:32,,小計,15005.0(26.013%),
2026-01-19 07:32,,海湖#1,450.0,101.911%
2026-01-19 07:32,,新桃#1,630.0,72.206%
2026-01-19 07:32,,國光#1,480.0,12.562%
2026-01-19 07:32,,星彰#1,506.9,87.007%
2026-01-19 07:32,,星元#1,549.1,82.189%
2026-01-19 07:32,,嘉惠#1,700.0,98.571%
2026-01-19 07:32,,嘉惠#2,510.0,98.725%
2026-01-19 07:32,,豐德#1,506.9,96.319%
2026-01-19 07:32,,豐德#2,506.9,86.889%
2026-01-19 07:32,,豐德#3,1100.0,97.773%
2026-01-19 07:32,,小計,5939.7(10.297%),
2026-01-19 07:32,,協和#3,500.0,28.460%
2026-01-19 07:32,,協和#4,500.0,28.120%
2026-01-19 07:32,,澎湖尖山(註4),129.8,26.348%
2026-01-19 07:32,,小計,1129.8(1.959%),
2026-01-19 07:32,,核二Gas1,-,-
2026-01-19 07:32,,核二Gas2,-,-
2026-01-19 07:32,,核三Gas1,-,-
2026-01-19 07:32,,核三Gas2,-,-
2026-01-19 07:32,,台中Gas1&amp;2,140.0,0.000%
2026-01-19 07:32,,台中Gas3&amp;4,140.0,0.000%
2026-01-19 07:32,,金門塔山(註4),113.3,19.595%
2026-01-19 07:32,,馬祖珠山(註4),28.6,22.696%
2026-01-19 07:32,,離島其他(註4),41.2,N/A
2026-01-19 07:32,,小計,463.2(0.803%),
2026-01-19 07:32,,德基#1,78.0,0.000%
2026-01-19 07:32,,德基#2,78.0,0.000%
2026-01-19 07:32,,德基#3,78.0,0.000%
2026-01-19 07:32,,青山#1,92.0,10.978%
2026-01-19 07:32,,青山#2,92.0,10.761%
2026-01-19 07:32,,青山#3,92.0,0.000%
2026-01-19 07:32,,青山#4,92.0,0.000%
2026-01-19 07:32,,谷關#1,54.4,0.000%
2026-01-19 07:32,,谷關#2,54.4,23.324%
2026-01-19 07:32,,谷關#3,54.4,0.000%
2026-01-19 07:32,,谷關#4,54.4,0.000%
2026-01-19 07:32,,天輪#1,22.5,0.000%
2026-01-19 07:32,,天輪#2,22.5,0.000%
2026-01-19 07:32,,天輪#3,22.5,0.000%
2026-01-19 07:32,,天輪#4,22.5,0.000%
2026-01-19 07:32,,天輪#5,105.0,0.000%
2026-01-19 07:32,,馬鞍#1,66.7,12.436%
2026-01-19 07:32,,馬鞍#2,66.7,0.000%
2026-01-19 07:32,,卓蘭#1,40.0,0.000%
2026-01-19 07:32,,卓蘭#2,40.0,44.500%
2026-01-19 07:32,,萬大#1,10.4,0.000%
2026-01-19 07:32,,萬大#2,10.4,48.309%
2026-01-19 07:32,,萬大#3,15.3,0.000%
2026-01-19 07:32,,萬大#4,19.7,0.000%
2026-01-19 07:32,,松林#1&amp;2,20.9,0.000%
2026-01-19 07:32,,大觀一#1,22.0,8.636%
2026-01-19 07:32,,大觀一#2,22.0,0.000%
2026-01-19 07:32,,大觀一#3,22.0,7.273%
2026-01-19 07:32,,大觀一#4,22.0,8.182%
2026-01-19 07:32,,大觀一#5,22.0,7.273%
2026-01-19 07:32,,鉅工#1,21.8,0.000%
2026-01-19 07:32,,鉅工#2,21.8,0.000%
2026-01-19 07:32,,水里#1,12.8,0.002%
2026-01-19 07:32,,立霧#1&amp;#2,32.0,0.000%
2026-01-19 07:32,,龍澗#1,48.6,0.000%
2026-01-19 07:32,,龍澗#2,48.6,0.000%
2026-01-19 07:32,,碧海,61.2,7.190%
2026-01-19 07:32,,烏來&amp;桂山&amp;粗坑,40.5,35.802%
2026-01-19 07:32,,北部小水力(註6),31.1,71.978%
2026-01-19 07:32,,中部小水力(註6),31.3,11.184%
2026-01-19 07:32,,南部小水力(註6),7.2,51.604%
2026-01-19 07:32,,東部小水力(註6),54.6,43.590%
2026-01-19 07:32,,翡翠#1,70.0,21.943%
2026-01-19 07:32,,石門#1,45.0,0.000%
2026-01-19 07:32,,石門#2,45.0,0.000%
2026-01-19 07:32,,曾文#1,50.0,100.200%
2026-01-19 07:32,,義興#1,40.0,45.500%
2026-01-19 07:32,,名間,16.7,0.000%
2026-01-19 07:32,,嘉南西口、烏山頭和八田,22.5,44.957%
2026-01-19 07:32,,卑南,2.0,45.455%
2026-01-19 07:32,,捷祥關山,1.0,0.000%
2026-01-19 07:32,,其它購電小水力,6.1,N/A
2026-01-19 07:32,,小計(註5),2124.4(3.683%),
2026-01-19 07:32,陸域風力台電自有(註13),觀園,30.0,95.000%
2026-01-19 07:32,陸域風力台電自有(註13),台中港,35.0,81.514%
2026-01-19 07:32,陸域風力台電自有(註13),王功,23.0,98.261%
2026-01-19 07:32,陸域風力台電自有(註13),彰工,86.2,70.302%
2026-01-19 07:32,陸域風力台電自有(註13),雲麥,46.0,57.391%
2026-01-19 07:32,陸域風力台電自有(註13),四湖,28.0,89.643%
2026-01-19 07:32,陸域風力台電自有(註13),其它台電自有,84.7,61.128%
2026-01-19 07:32,陸域風力購電(註13),苗栗大鵬,42.0,85.714%
2026-01-19 07:32,陸域風力購電(註13),鹿威彰濱,55.2,78.080%
2026-01-19 07:32,陸域風力購電(註13),觀威觀音&amp;桃威新屋,48.3,90.476%
2026-01-19 07:32,陸域風力購電(註13),中威大安,75.9,103.557%
2026-01-19 07:32,陸域風力購電(註13),創維風,49.2,92.886%
2026-01-19 07:32,陸域風力購電(註13),新源崙背,25.2,96.032%
2026-01-19 07:32,陸域風力購電(註13),彰品風(註10),-,-
2026-01-19 07:32,陸域風力購電(註13),其它購電風力,178.4,48.767%
2026-01-19 07:32,離岸風力台電自有(註13),離岸一期,109.2,90.256%
2026-01-19 07:32,離岸風力台電自有(註13),離岸二期(註10),-,-
2026-01-19 07:32,離岸風力購電(註13),海洋竹南,128.0,96.172%
2026-01-19 07:32,離岸風力購電(註13),海能風,376.0,91.596%
2026-01-19 07:32,離岸風力購電(註13),沃一風,605.2,91.329%
2026-01-19 07:32,離岸風力購電(註13),沃二風,294.8,98.410%
2026-01-19 07:32,離岸風力購電(註13),沃四風(註10),-,-
2026-01-19 07:32,離岸風力購電(註13),沃南風(註10),-,-
2026-01-19 07:32,離岸風力購電(註13),芳一風,96.0,93.333%
2026-01-19 07:32,離岸風力購電(註13),芳二風,451.2,79.557%
2026-01-19 07:32,離岸風力購電(註13),允湖(註10),-,-
2026-01-19 07:32,離岸風力購電(註13),允西(註10),-,-
2026-01-19 07:32,離岸風力購電(註13),中能風(註10),-,-
2026-01-19 07:32,離岸風力購電(註13),龍A風(註10),-,-
2026-01-19 07:32,離岸風力購電(註13),龍B風(註10),-,-
2026-01-19 07:32,,小計,2867.5(4.971%),
2026-01-19 07:32,太陽能台電自有(註13),彰濱光,100.0,19.320%
2026-01-19 07:32,太陽能台電自有(註13),南鹽光,150.0,32.870%
2026-01-19 07:32,太陽能台電自有(註13),其它台電自有,24.3,10.300%
2026-01-19 07:32,太陽能購電(註13),崙尾光,-,-
2026-01-19 07:32,太陽能購電(註13),天衝光,-,-
2026-01-19 07:32,太陽能購電(註13),天篷光,80.0,30.808%
2026-01-19 07:32,太陽能購電(註13),寶興光(註10),-,-
2026-01-19 07:32,太陽能購電(註13),聯華光(註10),-,-
2026-01-19 07:32,太陽能購電(註13),向陽光(註10),-,-
2026-01-19 07:32,太陽能購電(註13),星崴光(註10),-,-
2026-01-19 07:32,太陽能購電(註13),碩力光(註10),-,-
2026-01-19 07:32,太陽能購電(註13),天英光(註10),-,-
2026-01-19 07:32,太陽能購電(註13),志光光(註10),-,-
2026-01-19 07:32,太陽能購電(註13),永堯光(註10),-,-
2026-01-19 07:32,太陽能購電(註13),昱昶光(註10),-,-
2026-01-19 07:32,太陽能購電(註13),星崙光(註10),-,-
2026-01-19 07:32,太陽能購電(註13),新和光(註10),-,-
2026-01-19 07:32,太陽能購電(註13),生利光(註10),-,-
2026-01-19 07:32,太陽能購電(註13),廷和光(註10),-,-
2026-01-19 07:32,太陽能購電(註13),星股光(註10),-,-
2026-01-19 07:32,太陽能購電(註13),其它購電太陽能,14327.6,21.422%
2026-01-19 07:32,,小計,14681.9(25.453%),
2026-01-19 07:32,,台電自有地熱,0.8,0.000%
2026-01-19 07:32,,購電地熱,6.4,43.418%
2026-01-19 07:32,,生質能(Biofuel),60.7,62.974%
2026-01-19 07:32,,小計,67.9(0.118%),
2026-01-19 07:32,抽蓄水力(Pumped Hydro),大觀二#1,250.0,0.000%
2026-01-19 07:32,抽蓄水力(Pumped Hydro),大觀二#2,250.0,64.400%
2026-01-19 07:32,抽蓄水力(Pumped Hydro),大觀二#3,250.0,0.000%
2026-01-19 07:32,抽蓄水力(Pumped Hydro),大觀二#4,250.0,0.000%
2026-01-19 07:32,抽蓄水力(Pumped Hydro),明潭#1,267.0,0.000%
2026-01-19 07:32,抽蓄水力(Pumped Hydro),明潭#2,267.0,0.000%
2026-01-19 07:32,抽蓄水力(Pumped Hydro),明潭#3,267.0,0.000%
2026-01-19 07:32,抽蓄水力(Pumped Hydro),明潭#4,267.0,0.000%
2026-01-19 07:32,抽蓄水力(Pumped Hydro),明潭#5,267.0,0.000%
2026-01-19 07:32,抽蓄水力(Pumped Hydro),明潭#6,267.0,0.000%
2026-01-19 07:32,電池(Battery),電池(註16),811.8,2.131%
2026-01-19 07:32,,小計,3413.8(5.918%),
2026-01-19 07:32,抽蓄水力(Pumped Hydro),大觀二#1,-,-
2026-01-19 07:32,抽蓄水力(Pumped Hydro),大觀二#2,-,-
2026-01-19 07:32,抽蓄水力(Pumped Hydro),大觀二#3,-,-
2026-01-19 07:32,抽蓄水力(Pumped Hydro),大觀二#4,-,-
2026-01-19 07:32,抽蓄水力(Pumped Hydro),明潭#1,-,-
2026-01-19 07:32,抽蓄水力(Pumped Hydro),明潭#2,-,-
2026-01-19 07:32,抽蓄水力(Pumped Hydro),明潭#3,-,-
2026-01-19 07:32,抽蓄水力(Pumped Hydro),明潭#4,-,-
2026-01-19 07:32,抽蓄水力(Pumped Hydro),明潭#5,-,-
2026-01-19 07:32,抽蓄水力(Pumped Hydro),明潭#6,-,-
2026-01-19 07:32,電池(Battery),電池(註16),-,-
2026-01-19 11:25,,林口#1,800.0,94.287%
2026-01-19 11:25,,林口#2,800.0,0.000%
2026-01-19 11:25,,林口#3,800.0,94.512%
2026-01-19 11:25,,台中#1,550.0,82.782%
2026-01-19 11:25,,台中#2,550.0,81.491%
2026-01-19 11:25,,台中#3,550.0,79.236%
2026-01-19 11:25,,台中#4,550.0,0.000%
2026-01-19 11:25,,台中#5,550.0,82.600%
2026-01-19 11:25,,台中#6,550.0,0.000%
2026-01-19 11:25,,台中#7,550.0,83.055%
2026-01-19 11:25,,台中#8,550.0,83.582%
2026-01-19 11:25,,台中#9,550.0,0.000%
2026-01-19 11:25,,台中#10,550.0,93.909%
2026-01-19 11:25,,興達#1(註15),-,-
2026-01-19 11:25,,興達#2(註15),-,-
2026-01-19 11:25,,興達#3(註15),-,-
2026-01-19 11:25,,興達#4(註12),550.0,0.000%
2026-01-19 11:25,,大林#1,800.0,0.000%
2026-01-19 11:25,,大林#2,800.0,94.738%
2026-01-19 11:25,,小計,10050.0(17.423%),
2026-01-19 11:25,,汽電共生,631.4,-
2026-01-19 11:25,,小計,631.4(1.095%),
2026-01-19 11:25,,和平#1,648.6,92.961%
2026-01-19 11:25,,和平#2,660.0,89.182%
2026-01-19 11:25,,小計,1308.6(2.269%),
2026-01-19 11:25,,大潭CC#1,742.7,0.000%
2026-01-19 11:25,,大潭CC#2,742.7,58.610%
2026-01-19 11:25,,大潭CC#3,724.7,92.880%
2026-01-19 11:25,,大潭CC#4,724.7,82.048%
2026-01-19 11:25,,大潭CC#5,724.7,90.700%
2026-01-19 11:25,,大潭CC#6,724.7,87.857%
2026-01-19 11:25,,大潭CC#7(註10),-,-
2026-01-19 11:25,,大潭CC#8,1123.6,0.000%
2026-01-19 11:25,,大潭CC#9,1123.6,99.695%
2026-01-19 11:25,,通霄CC#1,892.6,101.736%
2026-01-19 11:25,,通霄CC#2,892.6,102.420%
2026-01-19 11:25,,通霄CC#3,892.6,102.778%
2026-01-19 11:25,,通霄CC#6,321.2,95.953%
2026-01-19 11:25,,通霄GT#9,180.9,0.000%
2026-01-19 11:25,,台中CC#1(註10),-,-
2026-01-19 11:25,,興達新CC#1,1300.0,0.000%
2026-01-19 11:25,,興達新CC#2(註10),-,-
2026-01-19 11:25,,興達CC#1,445.2,47.440%
2026-01-19 11:25,,興達CC#2,445.2,49.956%
2026-01-19 11:25,,興達CC#3,445.2,0.000%
2026-01-19 11:25,,興達CC#4,445.2,70.824%
2026-01-19 11:25,,興達CC#5,445.2,0.000%
2026-01-19 11:25,,南部CC#1,288.8,50.381%
2026-01-19 11:25,,南部CC#2,288.8,104.640%
2026-01-19 11:25,,南部CC#3,288.8,105.644%
2026-01-19 11:25,,南部CC#4,251.4,98.051%
2026-01-19 11:25,,大林#5,-,-
2026-01-19 11:25,,大林#6,550.0,80.800%
2026-01-19 11:25,,小計,15005.0(26.013%),
2026-01-19 11:25,,海湖#1,450.0,102.067%
2026-01-19 11:25,,新桃#1,630.0,71.952%
2026-01-19 11:25,,國光#1,480.0,101.896%
2026-01-19 11:25,,星彰#1,506.9,103.797%
2026-01-19 11:25,,星元#1,549.1,98.543%
2026-01-19 11:25,,嘉惠#1,700.0,98.571%
2026-01-19 11:25,,嘉惠#2,510.0,98.725%
2026-01-19 11:25,,豐德#1,506.9,50.665%
2026-01-19 11:25,,豐德#2,506.9,96.754%
2026-01-19 11:25,,豐德#3,1100.0,98.773%
2026-01-19 11:25,,小計,5939.7(10.297%),
2026-01-19 11:25,,協和#3,500.0,28.460%
2026-01-19 11:25,,協和#4,500.0,27.800%
2026-01-19 11:25,,澎湖尖山(註4),129.8,32.589%
2026-01-19 11:25,,小計,1129.8(1.959%),
2026-01-19 11:25,,核二Gas1,-,-
2026-01-19 11:25,,核二Gas2,-,-
2026-01-19 11:25,,核三Gas1,-,-
2026-01-19 11:25,,核三Gas2,-,-
2026-01-19 11:25,,台中Gas1&amp;2,140.0,0.000%
2026-01-19 11:25,,台中Gas3&amp;4,140.0,0.000%
2026-01-19 11:25,,金門塔山(註4),113.3,33.453%
2026-01-19 11:25,,馬祖珠山(註4),28.6,31.425%
2026-01-19 11:25,,離島其他(註4),41.2,N/A
2026-01-19 11:25,,小計,463.2(0.803%),
2026-01-19 11:25,,德基#1,78.0,71.795%
2026-01-19 11:25,,德基#2,78.0,0.000%
2026-01-19 11:25,,德基#3,78.0,0.000%
2026-01-19 11:25,,青山#1,92.0,16.957%
2026-01-19 11:25,,青山#2,92.0,17.717%
2026-01-19 11:25,,青山#3,92.0,17.717%
2026-01-19 11:25,,青山#4,92.0,17.174%
2026-01-19 11:25,,谷關#1,54.4,0.000%
2026-01-19 11:25,,谷關#2,54.4,21.304%
2026-01-19 11:25,,谷關#3,54.4,0.000%
2026-01-19 11:25,,谷關#4,54.4,0.000%
2026-01-19 11:25,,天輪#1,22.5,0.000%
2026-01-19 11:25,,天輪#2,22.5,0.000%
2026-01-19 11:25,,天輪#3,22.5,0.000%
2026-01-19 11:25,,天輪#4,22.5,0.000%
2026-01-19 11:25,,天輪#5,105.0,0.000%
2026-01-19 11:25,,馬鞍#1,66.7,13.485%
2026-01-19 11:25,,馬鞍#2,66.7,0.000%
2026-01-19 11:25,,卓蘭#1,40.0,0.000%
2026-01-19 11:25,,卓蘭#2,40.0,100.000%
2026-01-19 11:25,,萬大#1,10.4,0.000%
2026-01-19 11:25,,萬大#2,10.4,96.618%
2026-01-19 11:25,,萬大#3,15.3,0.000%
2026-01-19 11:25,,萬大#4,19.7,0.000%
2026-01-19 11:25,,松林#1&amp;2,20.9,0.000%
2026-01-19 11:25,,大觀一#1,22.0,8.182%
2026-01-19 11:25,,大觀一#2,22.0,0.000%
2026-01-19 11:25,,大觀一#3,22.0,6.364%
2026-01-19 11:25,,大觀一#4,22.0,7.273%
2026-01-19 11:25,,大觀一#5,22.0,6.364%
2026-01-19 11:25,,鉅工#1,21.8,0.000%
2026-01-19 11:25,,鉅工#2,21.8,0.000%
2026-01-19 11:25,,水里#1,12.8,0.002%
2026-01-19 11:25,,立霧#1&amp;#2,32.0,0.000%
2026-01-19 11:25,,龍澗#1,48.6,0.000%
2026-01-19 11:25,,龍澗#2,48.6,62.140%
2026-01-19 11:25,,碧海,61.2,80.392%
2026-01-19 11:25,,烏來&amp;桂山&amp;粗坑,40.5,42.963%
2026-01-19 11:25,,北部小水力(註6),31.1,71.978%
2026-01-19 11:25,,中部小水力(註6),31.3,11.184%
2026-01-19 11:25,,南部小水力(註6),7.2,51.604%
2026-01-19 11:25,,東部小水力(註6),54.6,60.623%
2026-01-19 11:25,,翡翠#1,70.0,108.714%
2026-01-19 11:25,,石門#1,45.0,0.000%
2026-01-19 11:25,,石門#2,45.0,101.111%
2026-01-19 11:25,,曾文#1,50.0,100.200%
2026-01-19 11:25,,義興#1,40.0,0.000%
2026-01-19 11:25,,名間,16.7,0.000%
2026-01-19 11:25,,嘉南西口、烏山頭和八田,22.5,25.817%
2026-01-19 11:25,,卑南,2.0,40.404%
2026-01-19 11:25,,捷祥關山,1.0,0.000%
2026-01-19 11:25,,其它購電小水力,6.1,N/A
2026-01-19 11:25,,小計(註5),2124.4(3.683%),
2026-01-19 11:25,陸域風力台電自有(註13),觀園,30.0,95.040%
2026-01-19 11:25,陸域風力台電自有(註13),台中港,35.0,82.000%
2026-01-19 11:25,陸域風力台電自有(註13),王功,23.0,93.478%
2026-01-19 11:25,陸域風力台電自有(註13),彰工,86.2,70.650%
2026-01-19 11:25,陸域風力台電自有(註13),雲麥,46.0,52.609%
2026-01-19 11:25,陸域風力台電自有(註13),四湖,28.0,61.071%
2026-01-19 11:25,陸域風力台電自有(註13),其它台電自有,84.7,62.780%
2026-01-19 11:25,陸域風力購電(註13),苗栗大鵬,42.0,85.476%
2026-01-19 11:25,陸域風力購電(註13),鹿威彰濱,55.2,74.094%
2026-01-19 11:25,陸域風力購電(註13),觀威觀音&amp;桃威新屋,48.3,84.058%
2026-01-19 11:25,陸域風力購電(註13),中威大安,75.9,88.274%
2026-01-19 11:25,陸域風力購電(註13),創維風,49.2,88.618%
2026-01-19 11:25,陸域風力購電(註13),新源崙背,25.2,65.079%
2026-01-19 11:25,陸域風力購電(註13),彰品風(註10),-,-
2026-01-19 11:25,陸域風力購電(註13),其它購電風力,178.4,36.547%
2026-01-19 11:25,離岸風力台電自有(註13),離岸一期,109.2,94.359%
2026-01-19 11:25,離岸風力台電自有(註13),離岸二期(註10),-,-
2026-01-19 11:25,離岸風力購電(註13),海洋竹南,128.0,95.938%
2026-01-19 11:25,離岸風力購電(註13),海能風,376.0,90.266%
2026-01-19 11:25,離岸風力購電(註13),沃一風,605.2,90.176%
2026-01-19 11:25,離岸風力購電(註13),沃二風,294.8,98.410%
2026-01-19 11:25,離岸風力購電(註13),沃四風(註10),-,-
2026-01-19 11:25,離岸風力購電(註13),沃南風(註10),-,-
2026-01-19 11:25,離岸風力購電(註13),芳一風,96.0,93.333%
2026-01-19 11:25,離岸風力購電(註13),芳二風,451.2,77.199%
2026-01-19 11:25,離岸風力購電(註13),允湖(註10),-,-
2026-01-19 11:25,離岸風力購電(註13),允西(註10),-,-
2026-01-19 11:25,離岸風力購電(註13),中能風(註10),-,-
2026-01-19 11:25,離岸風力購電(註13),龍A風(註10),-,-
2026-01-19 11:25,離岸風力購電(註13),龍B風(註10),-,-
2026-01-19 11:25,,小計,2867.5(4.971%),
2026-01-19 11:25,太陽能台電自有(註13),彰濱光,100.0,0.000%
2026-01-19 11:25,太陽能台電自有(註13),南鹽光,150.0,0.000%
2026-01-19 11:25,太陽能台電自有(註13),其它台電自有,24.3,0.000%
2026-01-19 11:25,太陽能購電(註13),崙尾光,-,-
2026-01-19 11:25,太陽能購電(註13),天衝光,-,-
2026-01-19 11:25,太陽能購電(註13),天篷光,80.0,0.000%
2026-01-19 11:25,太陽能購電(註13),寶興光(註10),-,-
2026-01-19 11:25,太陽能購電(註13),聯華光(註10),-,-
2026-01-19 11:25,太陽能購電(註13),向陽光(註10),-,-
2026-01-19 11:25,太陽能購電(註13),星崴光(註10),-,-
2026-01-19 11:25,太陽能購電(註13),碩力光(註10),-,-
2026-01-19 11:25,太陽能購電(註13),天英光(註10),-,-
2026-01-19 11:25,太陽能購電(註13),志光光(註10),-,-
2026-01-19 11:25,太陽能購電(註13),永堯光(註10),-,-
2026-01-19 11:25,太陽能購電(註13),昱昶光(註10),-,-
2026-01-19 11:25,太陽能購電(註13),星崙光(註10),-,-
2026-01-19 11:25,太陽能購電(註13),新和光(註10),-,-
2026-01-19 11:25,太陽能購電(註13),生利光(註10),-,-
2026-01-19 11:25,太陽能購電(註13),廷和光(註10),-,-
2026-01-19 11:25,太陽能購電(註13),星股光(註10),-,-
2026-01-19 11:25,太陽能購電(註13),其它購電太陽能,14327.6,0.000%
2026-01-19 11:25,,小計,14681.9(25.453%),
2026-01-19 11:25,,台電自有地熱,0.8,0.000%
2026-01-19 11:25,,購電地熱,6.4,44.968%
2026-01-19 11:25,,生質能(Biofuel),60.7,66.601%
2026-01-19 11:25,,小計,67.9(0.118%),
2026-01-19 11:25,抽蓄水力(Pumped Hydro),大觀二#1,250.0,59.480%
2026-01-19 11:25,抽蓄水力(Pumped Hydro),大觀二#2,250.0,62.440%
2026-01-19 11:25,抽蓄水力(Pumped Hydro),大觀二#3,250.0,0.000%
2026-01-19 11:25,抽蓄水力(Pumped Hydro),大觀二#4,250.0,56.120%
2026-01-19 11:25,抽蓄水力(Pumped Hydro),明潭#1,267.0,66.404%
2026-01-19 11:25,抽蓄水力(Pumped Hydro),明潭#2,267.0,0.000%
2026-01-19 11:25,抽蓄水力(Pumped Hydro),明潭#3,267.0,66.030%
2026-01-19 11:25,抽蓄水力(Pumped Hydro),明潭#4,267.0,55.543%
2026-01-19 11:25,抽蓄水力(Pumped Hydro),明潭#5,267.0,0.000%
2026-01-19 11:25,抽蓄水力(Pumped Hydro),明潭#6,267.0,54.045%
2026-01-19 11:25,電池(Battery),電池(註16),811.8,28.295%
2026-01-19 11:25,,小計,3413.8(5.918%),
2026-01-19 11:25,抽蓄水力(Pumped Hydro),大觀二#1,-,-
2026-01-19 11:25,抽蓄水力(Pumped Hydro),大觀二#2,-,-
2026-01-19 11:25,抽蓄水力(Pumped Hydro),大觀二#3,-,-
2026-01-19 11:25,抽蓄水力(Pumped Hydro),大觀二#4,-,-
2026-01-19 11:25,抽蓄水力(Pumped Hydro),明潭#1,-,-
2026-01-19 11:25,抽蓄水力(Pumped Hydro),明潭#2,-,-
2026-01-19 11:25,抽蓄水力(Pumped Hydro),明潭#3,-,-
2026-01-19 11:25,抽蓄水力(Pumped Hydro),明潭#4,-,-
2026-01-19 11:25,抽蓄水力(Pumped Hydro),明潭#5,-,-
2026-01-19 11:25,抽蓄水力(Pumped Hydro),明潭#6,-,-
2026-01-19 11:25,電池(Battery),電池(註16),-,-
2026-01-19 14:32,,林口#1,800.0,94.475%
2026-01-19 14:32,,林口#2,800.0,0.000%
2026-01-19 14:32,,林口#3,800.0,94.650%
2026-01-19 14:32,,台中#1,550.0,67.145%
2026-01-19 14:32,,台中#2,550.0,69.073%
2026-01-19 14:32,,台中#3,550.0,70.145%
2026-01-19 14:32,,台中#4,550.0,0.000%
2026-01-19 14:32,,台中#5,550.0,68.927%
2026-01-19 14:32,,台中#6,550.0,0.000%
2026-01-19 14:32,,台中#7,550.0,68.982%
2026-01-19 14:32,,台中#8,550.0,70.109%
2026-01-19 14:32,,台中#9,550.0,0.000%
2026-01-19 14:32,,台中#10,550.0,90.273%
2026-01-19 14:32,,興達#1(註15),-,-
2026-01-19 14:32,,興達#2(註15),-,-
2026-01-19 14:32,,興達#3(註15),-,-
2026-01-19 14:32,,興達#4(註12),550.0,0.000%
2026-01-19 14:32,,大林#1,800.0,0.000%
2026-01-19 14:32,,大林#2,800.0,94.738%
2026-01-19 14:32,,小計,10050.0(17.423%),
2026-01-19 14:32,,汽電共生,631.4,-
2026-01-19 14:32,,小計,631.4(1.095%),
2026-01-19 14:32,,和平#1,648.6,92.452%
2026-01-19 14:32,,和平#2,660.0,89.621%
2026-01-19 14:32,,小計,1308.6(2.269%),
2026-01-19 14:32,,大潭CC#1,742.7,0.000%
2026-01-19 14:32,,大潭CC#2,742.7,61.048%
2026-01-19 14:32,,大潭CC#3,724.7,92.811%
2026-01-19 14:32,,大潭CC#4,724.7,88.299%
2026-01-19 14:32,,大潭CC#5,724.7,90.851%
2026-01-19 14:32,,大潭CC#6,724.7,94.922%
2026-01-19 14:32,,大潭CC#7(註10),-,-
2026-01-19 14:32,,大潭CC#8,1123.6,0.000%
2026-01-19 14:32,,大潭CC#9,1123.6,99.695%
2026-01-19 14:32,,通霄CC#1,892.6,102.151%
2026-01-19 14:32,,通霄CC#2,892.6,102.823%
2026-01-19 14:32,,通霄CC#3,892.6,103.014%
2026-01-19 14:32,,通霄CC#6,321.2,96.171%
2026-01-19 14:32,,通霄GT#9,180.9,0.000%
2026-01-19 14:32,,台中CC#1(註10),-,-
2026-01-19 14:32,,興達新CC#1,1300.0,20.962%
2026-01-19 14:32,,興達新CC#2(註10),-,-
2026-01-19 14:32,,興達CC#1,445.2,68.959%
2026-01-19 14:32,,興達CC#2,445.2,48.002%
2026-01-19 14:32,,興達CC#3,445.2,0.000%
2026-01-19 14:32,,興達CC#4,445.2,70.532%
2026-01-19 14:32,,興達CC#5,445.2,0.000%
2026-01-19 14:32,,南部CC#1,288.8,50.104%
2026-01-19 14:32,,南部CC#2,288.8,104.259%
2026-01-19 14:32,,南部CC#3,288.8,105.090%
2026-01-19 14:32,,南部CC#4,251.4,98.846%
2026-01-19 14:32,,大林#5,-,-
2026-01-19 14:32,,大林#6,550.0,53.909%
2026-01-19 14:32,,小計,15005.0(26.013%),
2026-01-19 14:32,,海湖#1,450.0,102.022%
2026-01-19 14:32,,新桃#1,630.0,0.000%
2026-01-19 14:32,,國光#1,480.0,102.417%
2026-01-19 14:32,,星彰#1,506.9,103.679%
2026-01-19 14:32,,星元#1,549.1,98.598%
2026-01-19 14:32,,嘉惠#1,700.0,0.000%
2026-01-19 14:32,,嘉惠#2,510.0,97.627%
2026-01-19 14:32,,豐德#1,506.9,49.935%
2026-01-19 14:32,,豐德#2,506.9,105.474%
2026-01-19 14:32,,豐德#3,1100.0,98.845%
2026-01-19 14:32,,小計,5939.7(10.297%),
2026-01-19 14:32,,協和#3,500.0,28.620%
2026-01-19 14:32,,協和#4,500.0,28.120%
2026-01-19 14:32,,澎湖尖山(註4),129.8,33.513%
2026-01-19 14:32,,小計,1129.8(1.959%),
2026-01-19 14:32,,核二Gas1,-,-
2026-01-19 14:32,,核二Gas2,-,-
2026-01-19 14:32,,核三Gas1,-,-
2026-01-19 14:32,,核三Gas2,-,-
2026-01-19 14:32,,台中Gas1&amp;2,140.0,0.000%
2026-01-19 14:32,,台中Gas3&amp;4,140.0,0.000%
2026-01-19 14:32,,金門塔山(註4),113.3,31.070%
2026-01-19 14:32,,馬祖珠山(註4),28.6,32.472%
2026-01-19 14:32,,離島其他(註4),41.2,N/A
2026-01-19 14:32,,小計,463.2(0.803%),
2026-01-19 14:32,,德基#1,78.0,64.359%
2026-01-19 14:32,,德基#2,78.0,0.000%
2026-01-19 14:32,,德基#3,78.0,0.000%
2026-01-19 14:32,,青山#1,92.0,17.717%
2026-01-19 14:32,,青山#2,92.0,16.630%
2026-01-19 14:32,,青山#3,92.0,16.196%
2026-01-19 14:32,,青山#4,92.0,16.630%
2026-01-19 14:32,,谷關#1,54.4,0.000%
2026-01-19 14:32,,谷關#2,54.4,23.875%
2026-01-19 14:32,,谷關#3,54.4,0.000%
2026-01-19 14:32,,谷關#4,54.4,0.000%
2026-01-19 14:32,,天輪#1,22.5,0.000%
2026-01-19 14:32,,天輪#2,22.5,0.000%
2026-01-19 14:32,,天輪#3,22.5,0.000%
2026-01-19 14:32,,天輪#4,22.5,0.000%
2026-01-19 14:32,,天輪#5,105.0,0.000%
2026-01-19 14:32,,馬鞍#1,66.7,13.785%
2026-01-19 14:32,,馬鞍#2,66.7,0.000%
2026-01-19 14:32,,卓蘭#1,40.0,0.000%
2026-01-19 14:32,,卓蘭#2,40.0,0.000%
2026-01-19 14:32,,萬大#1,10.4,0.000%
2026-01-19 14:32,,萬大#2,10.4,0.000%
2026-01-19 14:32,,萬大#3,15.3,0.000%
2026-01-19 14:32,,萬大#4,19.7,0.000%
2026-01-19 14:32,,松林#1&amp;2,20.9,0.000%
2026-01-19 14:32,,大觀一#1,22.0,9.091%
2026-01-19 14:32,,大觀一#2,22.0,0.000%
2026-01-19 14:32,,大觀一#3,22.0,6.818%
2026-01-19 14:32,,大觀一#4,22.0,8.182%
2026-01-19 14:32,,大觀一#5,22.0,6.818%
2026-01-19 14:32,,鉅工#1,21.8,0.000%
2026-01-19 14:32,,鉅工#2,21.8,0.000%
2026-01-19 14:32,,水里#1,12.8,0.002%
2026-01-19 14:32,,立霧#1&amp;#2,32.0,0.000%
2026-01-19 14:32,,龍澗#1,48.6,0.000%
2026-01-19 14:32,,龍澗#2,48.6,0.000%
2026-01-19 14:32,,碧海,61.2,80.392%
2026-01-19 14:32,,烏來&amp;桂山&amp;粗坑,40.5,40.000%
2026-01-19 14:32,,北部小水力(註6),31.1,71.978%
2026-01-19 14:32,,中部小水力(註6),31.3,10.864%
2026-01-19 14:32,,南部小水力(註6),7.2,51.604%
2026-01-19 14:32,,東部小水力(註6),54.6,53.663%
2026-01-19 14:32,,翡翠#1,70.0,0.000%
2026-01-19 14:32,,石門#1,45.0,0.000%
2026-01-19 14:32,,石門#2,45.0,0.000%
2026-01-19 14:32,,曾文#1,50.0,98.600%
2026-01-19 14:32,,義興#1,40.0,30.250%
2026-01-19 14:32,,名間,16.7,0.000%
2026-01-19 14:32,,嘉南西口、烏山頭和八田,22.5,26.262%
2026-01-19 14:32,,卑南,2.0,45.455%
2026-01-19 14:32,,捷祥關山,1.0,0.000%
2026-01-19 14:32,,其它購電小水力,6.1,N/A
2026-01-19 14:32,,小計(註5),2124.4(3.683%),
2026-01-19 14:32,陸域風力台電自有(註13),觀園,30.0,95.220%
2026-01-19 14:32,陸域風力台電自有(註13),台中港,35.0,74.571%
2026-01-19 14:32,陸域風力台電自有(註13),王功,23.0,86.522%
2026-01-19 14:32,陸域風力台電自有(註13),彰工,86.2,58.933%
2026-01-19 14:32,陸域風力台電自有(註13),雲麥,46.0,12.391%
2026-01-19 14:32,陸域風力台電自有(註13),四湖,28.0,18.214%
2026-01-19 14:32,陸域風力台電自有(註13),其它台電自有,84.7,43.073%
2026-01-19 14:32,陸域風力購電(註13),苗栗大鵬,42.0,81.429%
2026-01-19 14:32,陸域風力購電(註13),鹿威彰濱,55.2,52.174%
2026-01-19 14:32,陸域風力購電(註13),觀威觀音&amp;桃威新屋,48.3,85.714%
2026-01-19 14:32,陸域風力購電(註13),中威大安,75.9,92.622%
2026-01-19 14:32,陸域風力購電(註13),創維風,49.2,51.829%
2026-01-19 14:32,陸域風力購電(註13),新源崙背,25.2,42.460%
2026-01-19 14:32,陸域風力購電(註13),彰品風(註10),-,-
2026-01-19 14:32,陸域風力購電(註13),其它購電風力,178.4,30.381%
2026-01-19 14:32,離岸風力台電自有(註13),離岸一期,109.2,94.359%
2026-01-19 14:32,離岸風力台電自有(註13),離岸二期(註10),-,-
2026-01-19 14:32,離岸風力購電(註13),海洋竹南,128.0,95.781%
2026-01-19 14:32,離岸風力購電(註13),海能風,376.0,90.479%
2026-01-19 14:32,離岸風力購電(註13),沃一風,605.2,89.660%
2026-01-19 14:32,離岸風力購電(註13),沃二風,294.8,98.315%
2026-01-19 14:32,離岸風力購電(註13),沃四風(註10),-,-
2026-01-19 14:32,離岸風力購電(註13),沃南風(註10),-,-
2026-01-19 14:32,離岸風力購電(註13),芳一風,96.0,93.333%
2026-01-19 14:32,離岸風力購電(註13),芳二風,451.2,79.189%
2026-01-19 14:32,離岸風力購電(註13),允湖(註10),-,-
2026-01-19 14:32,離岸風力購電(註13),允西(註10),-,-
2026-01-19 14:32,離岸風力購電(註13),中能風(註10),-,-
2026-01-19 14:32,離岸風力購電(註13),龍A風(註10),-,-
2026-01-19 14:32,離岸風力購電(註13),龍B風(註10),-,-
2026-01-19 14:32,,小計,2867.5(4.971%),
2026-01-19 14:32,太陽能台電自有(註13),彰濱光,100.0,0.000%
2026-01-19 14:32,太陽能台電自有(註13),南鹽光,150.0,0.000%
2026-01-19 14:32,太陽能台電自有(註13),其它台電自有,24.3,0.000%
2026-01-19 14:32,太陽能購電(註13),崙尾光,-,-
2026-01-19 14:32,太陽能購電(註13),天衝光,-,-
2026-01-19 14:32,太陽能購電(註13),天篷光,80.0,0.000%
2026-01-19 14:32,太陽能購電(註13),寶興光(註10),-,-
2026-01-19 14:32,太陽能購電(註13),聯華光(註10),-,-
2026-01-19 14:32,太陽能購電(註13),向陽光(註10),-,-
2026-01-19 14:32,太陽能購電(註13),星崴光(註10),-,-
2026-01-19 14:32,太陽能購電(註13),碩力光(註10),-,-
2026-01-19 14:32,太陽能購電(註13),天英光(註10),-,-
2026-01-19 14:32,太陽能購電(註13),志光光(註10),-,-
2026-01-19 14:32,太陽能購電(註13),永堯光(註10),-,-
2026-01-19 14:32,太陽能購電(註13),昱昶光(註10),-,-
2026-01-19 14:32,太陽能購電(註13),星崙光(註10),-,-
2026-01-19 14:32,太陽能購電(註13),新和光(註10),-,-
2026-01-19 14:32,太陽能購電(註13),生利光(註10),-,-
2026-01-19 14:32,太陽能購電(註13),廷和光(註10),-,-
2026-01-19 14:32,太陽能購電(註13),星股光(註10),-,-
2026-01-19 14:32,太陽能購電(註13),其它購電太陽能,14327.6,0.000%
2026-01-19 14:32,,小計,14681.9(25.453%),
2026-01-19 14:32,,台電自有地熱,0.8,0.000%
2026-01-19 14:32,,購電地熱,6.4,44.968%
2026-01-19 14:32,,生質能(Biofuel),60.7,56.050%
2026-01-19 14:32,,小計,67.9(0.118%),
2026-01-19 14:32,抽蓄水力(Pumped Hydro),大觀二#1,250.0,78.040%
2026-01-19 14:32,抽蓄水力(Pumped Hydro),大觀二#2,250.0,0.000%
2026-01-19 14:32,抽蓄水力(Pumped Hydro),大觀二#3,250.0,0.000%
2026-01-19 14:32,抽蓄水力(Pumped Hydro),大觀二#4,250.0,78.200%
2026-01-19 14:32,抽蓄水力(Pumped Hydro),明潭#1,267.0,66.030%
2026-01-19 14:32,抽蓄水力(Pumped Hydro),明潭#2,267.0,0.000%
2026-01-19 14:32,抽蓄水力(Pumped Hydro),明潭#3,267.0,69.401%
2026-01-19 14:32,抽蓄水力(Pumped Hydro),明潭#4,267.0,60.337%
2026-01-19 14:32,抽蓄水力(Pumped Hydro),明潭#5,267.0,0.000%
2026-01-19 14:32,抽蓄水力(Pumped Hydro),明潭#6,267.0,90.824%
2026-01-19 14:32,電池(Battery),電池(註16),811.8,0.000%
2026-01-19 14:32,,小計,3413.8(5.918%),
2026-01-19 14:32,抽蓄水力(Pumped Hydro),大觀二#1,-,-
2026-01-19 14:32,抽蓄水力(Pumped Hydro),大觀二#2,-,-
2026-01-19 14:32,抽蓄水力(Pumped Hydro),大觀二#3,-,-
2026-01-19 14:32,抽蓄水力(Pumped Hydro),大觀二#4,-,-
2026-01-19 14:32,抽蓄水力(Pumped Hydro),明潭#1,-,-
2026-01-19 14:32,抽蓄水力(Pumped Hydro),明潭#2,-,-
2026-01-19 14:32,抽蓄水力(Pumped Hydro),明潭#3,-,-
2026-01-19 14:32,抽蓄水力(Pumped Hydro),明潭#4,-,-
2026-01-19 14:32,抽蓄水力(Pumped Hydro),明潭#5,-,-
2026-01-19 14:32,抽蓄水力(Pumped Hydro),明潭#6,-,-
2026-01-19 14:32,電池(Battery),電池(註16),-,-
